﻿<?xml version="1.0" encoding="UTF-8"?><gmd:MD_Metadata xmlns:gmd="http://www.isotc211.org/2005/gmd" xmlns:srv="http://www.isotc211.org/2005/srv" xmlns:gco="http://www.isotc211.org/2005/gco" xmlns:gmx="http://www.isotc211.org/2005/gmx" xmlns:xlink="http://www.w3.org/1999/xlink" xmlns:gfc="http://www.isotc211.org/2005/gfc" xmlns:gmi="http://www.isotc211.org/2005/gmi" xmlns:gsr="http://www.isotc211.org/2005/gsr" xmlns:gss="http://www.isotc211.org/2005/gss" xmlns:gts="http://www.isotc211.org/2005/gts" xmlns:gml="http://www.opengis.net/gml/3.2" xmlns:geonet="http://www.fao.org/geonetwork" xmlns:xsi="http://www.w3.org/2001/XMLSchema-instance" xsi:schemaLocation="http://www.isotc211.org/2005/gmd http://nap.geogratis.gc.ca/metadata/tools/schemas/metadata/can-cgsb-171.100-2009-a/gmd/gmd.xsd http://www.isotc211.org/2005/srv http://nap.geogratis.gc.ca/metadata/tools/schemas/metadata/can-cgsb-171.100-2009-a/srv/srv.xsd http://www.geconnections.org/nap/napMetadataTools/napXsd/napm http://nap.geogratis.gc.ca/metadata/tools/schemas/metadata/can-cgsb-171.100-2009-a/napm/napm.xsd">
  <gmd:fileIdentifier>
    <gco:CharacterString>6505d03c-8afc-43b6-87da-5627e3b4d769</gco:CharacterString>
  </gmd:fileIdentifier>
  <gmd:language>
    <gco:CharacterString>eng; CAN</gco:CharacterString>
  </gmd:language>
  <gmd:characterSet>
    <gmd:MD_CharacterSetCode codeList="http://nap.geogratis.gc.ca/metadata/register/napMetadataRegister.xml#IC_95" codeListValue="RI_458">utf8; utf8</gmd:MD_CharacterSetCode>
  </gmd:characterSet>
  <gmd:hierarchyLevel>
    <gmd:MD_ScopeCode codeList="http://nap.geogratis.gc.ca/metadata/register/napMetadataRegister.xml#IC_108" codeListValue="RI_622">dataset; jeuDonnées</gmd:MD_ScopeCode>
  </gmd:hierarchyLevel>
  <gmd:contact>
    <gmd:CI_ResponsibleParty>
      <gmd:individualName gco:nilReason="missing">
        <gco:CharacterString/>
      </gmd:individualName>
      <gmd:organisationName xsi:type="gmd:PT_FreeText_PropertyType">
        <gco:CharacterString>Government of Canada; Statistics Canada; Statistical Geomatics Centre</gco:CharacterString>
        <gmd:PT_FreeText>
          <gmd:textGroup>
            <gmd:LocalisedCharacterString locale="#fra">Gouvernement du Canada; Statistique Canada; Centre de géomatique statistique</gmd:LocalisedCharacterString>
          </gmd:textGroup>
        </gmd:PT_FreeText>
      </gmd:organisationName>
      <gmd:positionName gco:nilReason="missing">
        <gco:CharacterString/>
      </gmd:positionName>
      <gmd:contactInfo>
        <gmd:CI_Contact>
          <gmd:phone>
            <gmd:CI_Telephone>
              <gmd:voice xsi:type="gmd:PT_FreeText_PropertyType">
                <gco:CharacterString>1-800-263-1136</gco:CharacterString>
                <gmd:PT_FreeText>
                  <gmd:textGroup>
                    <gmd:LocalisedCharacterString locale="#fra">1-800-263-1136</gmd:LocalisedCharacterString>
                  </gmd:textGroup>
                </gmd:PT_FreeText>
              </gmd:voice>
              <gmd:facsimile>
                <gco:CharacterString>1-514-283-935</gco:CharacterString>
              </gmd:facsimile>
            </gmd:CI_Telephone>
          </gmd:phone>
          <gmd:address>
            <gmd:CI_Address>
              <gmd:deliveryPoint xsi:type="gmd:PT_FreeText_PropertyType">
                <gco:CharacterString>150 Tunney's Pasture Driveway</gco:CharacterString>
                <gmd:PT_FreeText>
                  <gmd:textGroup>
                    <gmd:LocalisedCharacterString locale="#fra">150, promenade Tunney's Pasture</gmd:LocalisedCharacterString>
                  </gmd:textGroup>
                </gmd:PT_FreeText>
              </gmd:deliveryPoint>
              <gmd:city>
                <gco:CharacterString>Ottawa</gco:CharacterString>
              </gmd:city>
              <gmd:administrativeArea xsi:type="gmd:PT_FreeText_PropertyType">
                <gco:CharacterString>Ontario</gco:CharacterString>
                <gmd:PT_FreeText>
                  <gmd:textGroup>
                    <gmd:LocalisedCharacterString locale="#fra">Ontario</gmd:LocalisedCharacterString>
                  </gmd:textGroup>
                </gmd:PT_FreeText>
              </gmd:administrativeArea>
              <gmd:postalCode>
                <gco:CharacterString>K1A0T6</gco:CharacterString>
              </gmd:postalCode>
              <gmd:country xsi:type="gmd:PT_FreeText_PropertyType">
                <gco:CharacterString>Canada</gco:CharacterString>
                <gmd:PT_FreeText>
                  <gmd:textGroup>
                    <gmd:LocalisedCharacterString locale="#fra">Canada (le)</gmd:LocalisedCharacterString>
                  </gmd:textGroup>
                </gmd:PT_FreeText>
              </gmd:country>
              <gmd:electronicMailAddress xsi:type="gmd:PT_FreeText_PropertyType">
                <gco:CharacterString>STATCAN.infostats-infostats.STATCAN@canada.ca</gco:CharacterString>
                <gmd:PT_FreeText>
                  <gmd:textGroup>
                    <gmd:LocalisedCharacterString locale="#fra">STATCAN.infostats-infostats.STATCAN@canada.ca</gmd:LocalisedCharacterString>
                  </gmd:textGroup>
                </gmd:PT_FreeText>
              </gmd:electronicMailAddress>
            </gmd:CI_Address>
          </gmd:address>
          <gmd:onlineResource>
            <gmd:CI_OnlineResource>
              <gmd:linkage gco:nilReason="missing">
                <gmd:URL/>
              </gmd:linkage>
              <gmd:protocol>
                <gco:CharacterString>http</gco:CharacterString>
              </gmd:protocol>
            </gmd:CI_OnlineResource>
          </gmd:onlineResource>
          <gmd:hoursOfService xsi:type="gmd:PT_FreeText_PropertyType">
            <gco:CharacterString>8:30 am to 4:30 pm</gco:CharacterString>
            <gmd:PT_FreeText>
              <gmd:textGroup>
                <gmd:LocalisedCharacterString locale="#fra">8 h 30 à 16 h 30</gmd:LocalisedCharacterString>
              </gmd:textGroup>
            </gmd:PT_FreeText>
          </gmd:hoursOfService>
        </gmd:CI_Contact>
      </gmd:contactInfo>
      <gmd:role>
        <gmd:CI_RoleCode codeList="http://nap.geogratis.gc.ca/metadata/register/napMetadataRegister.xml#IC_90" codeListValue="RI_413">originator; auteur</gmd:CI_RoleCode>
      </gmd:role>
    </gmd:CI_ResponsibleParty>
  </gmd:contact>
  <gmd:dateStamp>
    <gco:DateTime>2019-10-23T19:28:54</gco:DateTime>
  </gmd:dateStamp>
  <gmd:metadataStandardName xsi:type="gmd:PT_FreeText_PropertyType">
    <gco:CharacterString>North American Profile of ISO 19115:2003 - Geographic information - Metadata</gco:CharacterString>
    <gmd:PT_FreeText>
      <gmd:textGroup>
        <gmd:LocalisedCharacterString locale="#fra">Profil nord-américain de la norme ISO 19115:2003 - Information géographique - Métadonnées</gmd:LocalisedCharacterString>
      </gmd:textGroup>
    </gmd:PT_FreeText>
  </gmd:metadataStandardName>
  <gmd:metadataStandardVersion>
    <gco:CharacterString>CAN/CGSB-171.100-2009</gco:CharacterString>
  </gmd:metadataStandardVersion>
  <gmd:dataSetURI gco:nilReason="missing">
    <gco:CharacterString/>
  </gmd:dataSetURI>
  <gmd:locale>
    <gmd:PT_Locale id="fra">
      <gmd:languageCode>
        <gmd:LanguageCode codeList="http://nap.geogratis.gc.ca/metadata/register/napMetadataRegister.xml#IC_116" codeListValue="fra">French; Français</gmd:LanguageCode>
      </gmd:languageCode>
      <gmd:country>
        <gmd:Country codeList="http://nap.geogratis.gc.ca/metadata/register/napMetadataRegister.xml#IC_117" codeListValue="CAN">Canada; Canada</gmd:Country>
      </gmd:country>
      <gmd:characterEncoding>
        <gmd:MD_CharacterSetCode codeList="http://nap.geogratis.gc.ca/metadata/register/napMetadataRegister.xml#IC_95" codeListValue="RI_458">utf8; utf8</gmd:MD_CharacterSetCode>
      </gmd:characterEncoding>
    </gmd:PT_Locale>
  </gmd:locale>
  <gmd:referenceSystemInfo>
    <gmd:MD_ReferenceSystem>
      <gmd:referenceSystemIdentifier>
        <gmd:RS_Identifier>
          <gmd:code>
            <gco:CharacterString>ESPG:3347 NAD83 / Statistics Canada Lambert</gco:CharacterString>
          </gmd:code>
          <gmd:codeSpace gco:nilReason="missing">
            <gco:CharacterString/>
          </gmd:codeSpace>
          <gmd:version gco:nilReason="missing">
            <gco:CharacterString/>
          </gmd:version>
        </gmd:RS_Identifier>
      </gmd:referenceSystemIdentifier>
    </gmd:MD_ReferenceSystem>
  </gmd:referenceSystemInfo>
  <gmd:identificationInfo>
    <gmd:MD_DataIdentification>
      <gmd:citation>
        <gmd:CI_Citation>
          <gmd:title xsi:type="gmd:PT_FreeText_PropertyType">
            <gco:CharacterString>Census Subdivision Boundary File, 2019</gco:CharacterString>
            <gmd:PT_FreeText>
              <gmd:textGroup>
                <gmd:LocalisedCharacterString locale="#fra">Fichier de limites des subdivisions de recensement, 2019</gmd:LocalisedCharacterString>
              </gmd:textGroup>
            </gmd:PT_FreeText>
          </gmd:title>
          <gmd:date>
            <gmd:CI_Date>
              <gmd:date>
                <gco:Date>2019-11-13</gco:Date>
              </gmd:date>
              <gmd:dateType>
                <gmd:CI_DateTypeCode codeList="http://nap.geogratis.gc.ca/metadata/register/napMetadataRegister.xml#IC_87" codeListValue="RI_367">publication; publication</gmd:CI_DateTypeCode>
              </gmd:dateType>
            </gmd:CI_Date>
          </gmd:date>
          <gmd:citedResponsibleParty>
            <gmd:CI_ResponsibleParty>
              <gmd:individualName gco:nilReason="missing">
                <gco:CharacterString/>
              </gmd:individualName>
              <gmd:organisationName xsi:type="gmd:PT_FreeText_PropertyType">
                <gco:CharacterString>Government of Canada; Statistics Canada; Statistical Geomatics Centre</gco:CharacterString>
                <gmd:PT_FreeText>
                  <gmd:textGroup>
                    <gmd:LocalisedCharacterString locale="#fra">Gouvernement du Canada; Statistique Canada; Centre de géomatique statistique</gmd:LocalisedCharacterString>
                  </gmd:textGroup>
                </gmd:PT_FreeText>
              </gmd:organisationName>
              <gmd:positionName gco:nilReason="missing">
                <gco:CharacterString/>
              </gmd:positionName>
              <gmd:contactInfo>
                <gmd:CI_Contact>
                  <gmd:phone>
                    <gmd:CI_Telephone>
                      <gmd:voice xsi:type="gmd:PT_FreeText_PropertyType">
                        <gco:CharacterString>1-800-263-1136</gco:CharacterString>
                        <gmd:PT_FreeText>
                          <gmd:textGroup>
                            <gmd:LocalisedCharacterString locale="#fra">1-800-263-1136</gmd:LocalisedCharacterString>
                          </gmd:textGroup>
                        </gmd:PT_FreeText>
                      </gmd:voice>
                      <gmd:facsimile gco:nilReason="missing">
                        <gco:CharacterString/>
                      </gmd:facsimile>
                    </gmd:CI_Telephone>
                  </gmd:phone>
                  <gmd:address>
                    <gmd:CI_Address>
                      <gmd:deliveryPoint xsi:type="gmd:PT_FreeText_PropertyType">
                        <gco:CharacterString>150 Tunney's Pasture Driveway</gco:CharacterString>
                        <gmd:PT_FreeText>
                          <gmd:textGroup>
                            <gmd:LocalisedCharacterString locale="#fra">150, promenade Tunney's Pasture</gmd:LocalisedCharacterString>
                          </gmd:textGroup>
                        </gmd:PT_FreeText>
                      </gmd:deliveryPoint>
                      <gmd:city>
                        <gco:CharacterString>Ottawa</gco:CharacterString>
                      </gmd:city>
                      <gmd:administrativeArea xsi:type="gmd:PT_FreeText_PropertyType">
                        <gco:CharacterString>Ontario</gco:CharacterString>
                        <gmd:PT_FreeText>
                          <gmd:textGroup>
                            <gmd:LocalisedCharacterString locale="#fra">Ontario</gmd:LocalisedCharacterString>
                          </gmd:textGroup>
                        </gmd:PT_FreeText>
                      </gmd:administrativeArea>
                      <gmd:postalCode>
                        <gco:CharacterString>K1A0T6</gco:CharacterString>
                      </gmd:postalCode>
                      <gmd:country xsi:type="gmd:PT_FreeText_PropertyType">
                        <gco:CharacterString>Canada</gco:CharacterString>
                        <gmd:PT_FreeText>
                          <gmd:textGroup>
                            <gmd:LocalisedCharacterString locale="#fra">Canada (le)</gmd:LocalisedCharacterString>
                          </gmd:textGroup>
                        </gmd:PT_FreeText>
                      </gmd:country>
                      <gmd:electronicMailAddress xsi:type="gmd:PT_FreeText_PropertyType">
                        <gco:CharacterString>STATCAN.infostats-infostats.STATCAN@canada.ca</gco:CharacterString>
                        <gmd:PT_FreeText>
                          <gmd:textGroup>
                            <gmd:LocalisedCharacterString locale="#fra">STATCAN.infostats-infostats.STATCAN@canada.ca</gmd:LocalisedCharacterString>
                          </gmd:textGroup>
                        </gmd:PT_FreeText>
                      </gmd:electronicMailAddress>
                    </gmd:CI_Address>
                  </gmd:address>
                  <gmd:onlineResource>
                    <gmd:CI_OnlineResource>
                      <gmd:linkage gco:nilReason="missing">
                        <gmd:URL/>
                      </gmd:linkage>
                      <gmd:protocol>
                        <gco:CharacterString>http</gco:CharacterString>
                      </gmd:protocol>
                    </gmd:CI_OnlineResource>
                  </gmd:onlineResource>
                  <gmd:hoursOfService xsi:type="gmd:PT_FreeText_PropertyType">
                    <gco:CharacterString>8:30 am to 4:30 pm</gco:CharacterString>
                    <gmd:PT_FreeText>
                      <gmd:textGroup>
                        <gmd:LocalisedCharacterString locale="#fra">8 h 30 à 16 h 30</gmd:LocalisedCharacterString>
                      </gmd:textGroup>
                    </gmd:PT_FreeText>
                  </gmd:hoursOfService>
                </gmd:CI_Contact>
              </gmd:contactInfo>
              <gmd:role>
                <gmd:CI_RoleCode codeList="http://nap.geogratis.gc.ca/metadata/register/napMetadataRegister.xml#IC_90" codeListValue="RI_418">author; auteur</gmd:CI_RoleCode>
              </gmd:role>
            </gmd:CI_ResponsibleParty>
          </gmd:citedResponsibleParty>
        </gmd:CI_Citation>
      </gmd:citation>
      <gmd:abstract xsi:type="gmd:PT_FreeText_PropertyType">
        <gco:CharacterString>Census subdivision (CSD) is the general term for municipalities (as determined by provincial/territorial legislation) or areas treated as municipal equivalents for statistical purposes, such as Indian reserves, Indian settlements and unorganized territories. Municipal status is defined by laws in effect in each province and territory in Canada. The CSD type accompanies the CSD name in order to distinguish them from each other, for example, Balmoral, VL (for the village of Balmoral) and Balmoral, P (for the parish / paroisse (municipalité de) of Balmoral).</gco:CharacterString>
        <gmd:PT_FreeText>
          <gmd:textGroup>
            <gmd:LocalisedCharacterString locale="#fra">Subdivision de recensement (SDR) est un terme générique qui désigne les municipalités (telles que définies par les lois provinciales/territoriales) ou les territoires considérés comme étant des équivalents municipaux à des fins statistiques (p. ex., les réserves indiennes, les établissements indiens et les territoires non organisés). Le statut de municipalité est défini par les lois en vigueur dans chaque province et territoire au Canada. Le genre de SDR accompagne le nom de SRD afin de mieux les distinguer les unes des autres, par exemple, Balmoral, VL (pour le « village » de Balmoral) et Balmoral, P (pour la « paroisse (municipalité de) / parish » de Balmoral).</gmd:LocalisedCharacterString>
          </gmd:textGroup>
        </gmd:PT_FreeText>
      </gmd:abstract>
      <gmd:status>
        <gmd:MD_ProgressCode codeList="http://nap.geogratis.gc.ca/metadata/register/napMetadataRegister.xml#IC_106" codeListValue="RI_593">completed; complété</gmd:MD_ProgressCode>
      </gmd:status>
      <gmd:resourceMaintenance>
        <gmd:MD_MaintenanceInformation>
          <gmd:maintenanceAndUpdateFrequency>
            <gmd:MD_MaintenanceFrequencyCode codeList="http://nap.geogratis.gc.ca/metadata/register/napMetadataRegister.xml#IC_102" codeListValue="RI_540">asNeeded; auBesoin</gmd:MD_MaintenanceFrequencyCode>
          </gmd:maintenanceAndUpdateFrequency>
        </gmd:MD_MaintenanceInformation>
      </gmd:resourceMaintenance>
      <gmd:descriptiveKeywords>
        <gmd:MD_Keywords>
          <gmd:keyword xsi:type="gmd:PT_FreeText_PropertyType">
            <gco:CharacterString>Geographic data</gco:CharacterString>
            <gmd:PT_FreeText>
              <gmd:textGroup>
                <gmd:LocalisedCharacterString locale="#fra">Données géographiques</gmd:LocalisedCharacterString>
              </gmd:textGroup>
            </gmd:PT_FreeText>
          </gmd:keyword>
          <gmd:type>
            <gmd:MD_KeywordTypeCode codeList="http://nap.geogratis.gc.ca/metadata/register/napMetadataRegister.xml#IC_101" codeListValue="RI_528">theme; thème</gmd:MD_KeywordTypeCode>
          </gmd:type>
          <gmd:thesaurusName>
            <gmd:CI_Citation>
              <gmd:title xsi:type="gmd:PT_FreeText_PropertyType">
                <gco:CharacterString>Government of Canada Core Subject Thesaurus</gco:CharacterString>
                <gmd:PT_FreeText>
                  <gmd:textGroup>
                    <gmd:LocalisedCharacterString locale="#fra">Thésaurus des sujets de base du gouvernement du Canada</gmd:LocalisedCharacterString>
                  </gmd:textGroup>
                </gmd:PT_FreeText>
              </gmd:title>
              <gmd:date>
                <gmd:CI_Date>
                  <gmd:date>
                    <gco:Date>2004</gco:Date>
                  </gmd:date>
                  <gmd:dateType>
                    <gmd:CI_DateTypeCode codeListValue="RI_366" codeList="http://nap.geogratis.gc.ca/metadata/register/napMetadataRegister.xml#IC_87">creation;création</gmd:CI_DateTypeCode>
                  </gmd:dateType>
                </gmd:CI_Date>
              </gmd:date>
              <gmd:date>
                <gmd:CI_Date>
                  <gmd:date>
                    <gco:Date>2016-07-04</gco:Date>
                  </gmd:date>
                  <gmd:dateType>
                    <gmd:CI_DateTypeCode codeList="http://nap.geogratis.gc.ca/metadata/register/napMetadataRegister.xml#IC_87" codeListValue="RI_367">publication; publication</gmd:CI_DateTypeCode>
                  </gmd:dateType>
                </gmd:CI_Date>
              </gmd:date>
              <gmd:citedResponsibleParty>
                <gmd:CI_ResponsibleParty>
                  <gmd:organisationName xsi:type="gmd:PT_FreeText_PropertyType">
                    <gco:CharacterString>Government of Canada; Library and Archives Canada</gco:CharacterString>
                    <gmd:PT_FreeText>
                      <gmd:textGroup>
                        <gmd:LocalisedCharacterString locale="#fra">Gouvernement du Canada; Bibliothèque et Archives Canada</gmd:LocalisedCharacterString>
                      </gmd:textGroup>
                    </gmd:PT_FreeText>
                  </gmd:organisationName>
                  <gmd:role>
                    <gmd:CI_RoleCode codeListValue="RI_409" codeList="http://nap.geogratis.gc.ca/metadata/register/napMetadataRegister.xml#IC_90">custodian; conservateur</gmd:CI_RoleCode>
                  </gmd:role>
                </gmd:CI_ResponsibleParty>
              </gmd:citedResponsibleParty>
            </gmd:CI_Citation>
          </gmd:thesaurusName>
        </gmd:MD_Keywords>
      </gmd:descriptiveKeywords>
      <gmd:resourceConstraints>
        <gmd:MD_LegalConstraints>
          <gmd:useLimitation xsi:type="gmd:PT_FreeText_PropertyType">
            <gco:CharacterString>Open Government Licence - Canada (http://open.canada.ca/en/open-government-licence-canada)</gco:CharacterString>
            <gmd:PT_FreeText>
              <gmd:textGroup>
                <gmd:LocalisedCharacterString locale="#fra">Licence du gouvernement ouvert - Canada (http://ouvert.canada.ca/fr/licence-du-gouvernement-ouvert-canada)</gmd:LocalisedCharacterString>
              </gmd:textGroup>
            </gmd:PT_FreeText>
          </gmd:useLimitation>
          <gmd:accessConstraints>
            <gmd:MD_RestrictionCode codeList="http://nap.geogratis.gc.ca/metadata/register/napMetadataRegister.xml#IC_107" codeListValue="RI_606">license; licence</gmd:MD_RestrictionCode>
          </gmd:accessConstraints>
          <gmd:useConstraints>
            <gmd:MD_RestrictionCode codeList="http://nap.geogratis.gc.ca/metadata/register/napMetadataRegister.xml#IC_107" codeListValue="RI_606">license; licence</gmd:MD_RestrictionCode>
          </gmd:useConstraints>
          <gmd:otherConstraints xsi:type="gmd:PT_FreeText_PropertyType" gco:nilReason="missing">
            <gco:CharacterString/>
            <gmd:PT_FreeText>
              <gmd:textGroup>
                <gmd:LocalisedCharacterString locale="#fra"/>
              </gmd:textGroup>
            </gmd:PT_FreeText>
          </gmd:otherConstraints>
        </gmd:MD_LegalConstraints>
      </gmd:resourceConstraints>
      <gmd:spatialRepresentationType>
        <gmd:MD_SpatialRepresentationTypeCode codeList="http://nap.geogratis.gc.ca/metadata/register/napMetadataRegister.xml#IC_109" codeListValue="RI_635">vector; vecteur</gmd:MD_SpatialRepresentationTypeCode>
      </gmd:spatialRepresentationType>
      <gmd:language>
        <gco:CharacterString>eng; CAN</gco:CharacterString>
      </gmd:language>
      <gmd:language>
        <gco:CharacterString>fra; CAN</gco:CharacterString>
      </gmd:language>
      <gmd:characterSet>
        <gmd:MD_CharacterSetCode codeList="http://nap.geogratis.gc.ca/metadata/register/napMetadataRegister.xml#IC_95" codeListValue="RI_458">utf8; utf8</gmd:MD_CharacterSetCode>
      </gmd:characterSet>
      <gmd:topicCategory>
        <gmd:MD_TopicCategoryCode>boundaries</gmd:MD_TopicCategoryCode>
      </gmd:topicCategory>
      <gmd:environmentDescription gco:nilReason="missing">
        <gco:CharacterString/>
      </gmd:environmentDescription>
      <gmd:extent>
        <gmd:EX_Extent>
          <gmd:temporalElement>
            <gmd:EX_TemporalExtent>
              <gmd:extent>
                <gml:TimePeriod gml:id="timeperiod1">
                  <gml:beginPosition>2019-01-01</gml:beginPosition>
                  <gml:endPosition/>
                </gml:TimePeriod>
              </gmd:extent>
            </gmd:EX_TemporalExtent>
          </gmd:temporalElement>
        </gmd:EX_Extent>
      </gmd:extent>
      <gmd:extent>
        <gmd:EX_Extent>
          <gmd:geographicElement>
            <gmd:EX_GeographicBoundingBox>
              <gmd:westBoundLongitude>
                <gco:Decimal>-180</gco:Decimal>
              </gmd:westBoundLongitude>
              <gmd:eastBoundLongitude>
                <gco:Decimal>180</gco:Decimal>
              </gmd:eastBoundLongitude>
              <gmd:southBoundLatitude>
                <gco:Decimal>36.265059</gco:Decimal>
              </gmd:southBoundLatitude>
              <gmd:northBoundLatitude>
                <gco:Decimal>89.999531</gco:Decimal>
              </gmd:northBoundLatitude>
            </gmd:EX_GeographicBoundingBox>
          </gmd:geographicElement>
        </gmd:EX_Extent>
      </gmd:extent>
      <gmd:supplementalInformation gco:nilReason="missing">
        <gco:CharacterString/>
      </gmd:supplementalInformation>
    </gmd:MD_DataIdentification>
  </gmd:identificationInfo>
  <gmd:distributionInfo>
    <gmd:MD_Distribution>
      <gmd:distributionFormat>
        <gmd:MD_Format>
          <gmd:name>
            <gco:CharacterString>SHP</gco:CharacterString>
          </gmd:name>
          <gmd:version>
            <gco:CharacterString>10</gco:CharacterString>
          </gmd:version>
        </gmd:MD_Format>
      </gmd:distributionFormat>
      <gmd:distributionFormat>
        <gmd:MD_Format>
          <gmd:name>
            <gco:CharacterString>GML</gco:CharacterString>
          </gmd:name>
          <gmd:version>
            <gco:CharacterString>3.1.1</gco:CharacterString>
          </gmd:version>
        </gmd:MD_Format>
      </gmd:distributionFormat>
      <gmd:distributionFormat>
        <gmd:MD_Format>
          <gmd:name>
            <gco:CharacterString>FGDB/GDB</gco:CharacterString>
          </gmd:name>
          <gmd:version>
            <gco:CharacterString>10</gco:CharacterString>
          </gmd:version>
        </gmd:MD_Format>
      </gmd:distributionFormat>
      <gmd:distributionFormat>
        <gmd:MD_Format>
          <gmd:name>
            <gco:CharacterString>ESRI REST</gco:CharacterString>
          </gmd:name>
          <gmd:version>
            <gco:CharacterString>10.5</gco:CharacterString>
          </gmd:version>
        </gmd:MD_Format>
      </gmd:distributionFormat>
      <gmd:distributionFormat>
        <gmd:MD_Format>
          <gmd:name>
            <gco:CharacterString>WMS</gco:CharacterString>
          </gmd:name>
          <gmd:version>
            <gco:CharacterString>1.3.0</gco:CharacterString>
          </gmd:version>
        </gmd:MD_Format>
      </gmd:distributionFormat>
      <gmd:distributor>
        <gmd:MD_Distributor>
          <gmd:distributorContact>
            <gmd:CI_ResponsibleParty>
              <gmd:individualName gco:nilReason="missing">
                <gco:CharacterString/>
              </gmd:individualName>
              <gmd:organisationName xsi:type="gmd:PT_FreeText_PropertyType">
                <gco:CharacterString>Government of Canada; Statistics Canada; Statistical Geomatics Centre</gco:CharacterString>
                <gmd:PT_FreeText>
                  <gmd:textGroup>
                    <gmd:LocalisedCharacterString locale="#fra">Gouvernement du Canada; Statistique Canada; Centre de géomatique statistique</gmd:LocalisedCharacterString>
                  </gmd:textGroup>
                </gmd:PT_FreeText>
              </gmd:organisationName>
              <gmd:positionName gco:nilReason="missing">
                <gco:CharacterString/>
              </gmd:positionName>
              <gmd:contactInfo>
                <gmd:CI_Contact>
                  <gmd:phone>
                    <gmd:CI_Telephone>
                      <gmd:voice xsi:type="gmd:PT_FreeText_PropertyType">
                        <gco:CharacterString>1-800-263-1136</gco:CharacterString>
                        <gmd:PT_FreeText>
                          <gmd:textGroup>
                            <gmd:LocalisedCharacterString locale="#fra">1-800-263-1136</gmd:LocalisedCharacterString>
                          </gmd:textGroup>
                        </gmd:PT_FreeText>
                      </gmd:voice>
                      <gmd:facsimile>
                        <gco:CharacterString>1-514-283-935</gco:CharacterString>
                      </gmd:facsimile>
                    </gmd:CI_Telephone>
                  </gmd:phone>
                  <gmd:address>
                    <gmd:CI_Address>
                      <gmd:deliveryPoint xsi:type="gmd:PT_FreeText_PropertyType">
                        <gco:CharacterString>150 Tunney's Pasture Driveway</gco:CharacterString>
                        <gmd:PT_FreeText>
                          <gmd:textGroup>
                            <gmd:LocalisedCharacterString locale="#fra">150, promenade Tunney's Pasture</gmd:LocalisedCharacterString>
                          </gmd:textGroup>
                        </gmd:PT_FreeText>
                      </gmd:deliveryPoint>
                      <gmd:city>
                        <gco:CharacterString>Ottawa</gco:CharacterString>
                      </gmd:city>
                      <gmd:administrativeArea xsi:type="gmd:PT_FreeText_PropertyType">
                        <gco:CharacterString>Ontario</gco:CharacterString>
                        <gmd:PT_FreeText>
                          <gmd:textGroup>
                            <gmd:LocalisedCharacterString locale="#fra">Ontario</gmd:LocalisedCharacterString>
                          </gmd:textGroup>
                        </gmd:PT_FreeText>
                      </gmd:administrativeArea>
                      <gmd:postalCode>
                        <gco:CharacterString>K1A0T6</gco:CharacterString>
                      </gmd:postalCode>
                      <gmd:country xsi:type="gmd:PT_FreeText_PropertyType">
                        <gco:CharacterString>Canada</gco:CharacterString>
                        <gmd:PT_FreeText>
                          <gmd:textGroup>
                            <gmd:LocalisedCharacterString locale="#fra">Canada (le)</gmd:LocalisedCharacterString>
                          </gmd:textGroup>
                        </gmd:PT_FreeText>
                      </gmd:country>
                      <gmd:electronicMailAddress xsi:type="gmd:PT_FreeText_PropertyType">
                        <gco:CharacterString>STATCAN.infostats-infostats.STATCAN@canada.ca</gco:CharacterString>
                        <gmd:PT_FreeText>
                          <gmd:textGroup>
                            <gmd:LocalisedCharacterString locale="#fra">STATCAN.infostats-infostats.STATCAN@canada.ca</gmd:LocalisedCharacterString>
                          </gmd:textGroup>
                        </gmd:PT_FreeText>
                      </gmd:electronicMailAddress>
                    </gmd:CI_Address>
                  </gmd:address>
                  <gmd:onlineResource>
                    <gmd:CI_OnlineResource>
                      <gmd:linkage gco:nilReason="missing">
                        <gmd:URL/>
                      </gmd:linkage>
                      <gmd:protocol>
                        <gco:CharacterString>http</gco:CharacterString>
                      </gmd:protocol>
                    </gmd:CI_OnlineResource>
                  </gmd:onlineResource>
                  <gmd:hoursOfService xsi:type="gmd:PT_FreeText_PropertyType">
                    <gco:CharacterString>8:30 am to 4:30 pm</gco:CharacterString>
                    <gmd:PT_FreeText>
                      <gmd:textGroup>
                        <gmd:LocalisedCharacterString locale="#fra">8 h 30 à 16 h 30</gmd:LocalisedCharacterString>
                      </gmd:textGroup>
                    </gmd:PT_FreeText>
                  </gmd:hoursOfService>
                </gmd:CI_Contact>
              </gmd:contactInfo>
              <gmd:role>
                <gmd:CI_RoleCode codeList="http://nap.geogratis.gc.ca/metadata/register/napMetadataRegister.xml#IC_90" codeListValue="RI_412">distributor; distributeur</gmd:CI_RoleCode>
              </gmd:role>
            </gmd:CI_ResponsibleParty>
          </gmd:distributorContact>
        </gmd:MD_Distributor>
      </gmd:distributor>
      <gmd:transferOptions>
        <gmd:MD_DigitalTransferOptions/>
      </gmd:transferOptions>
    </gmd:MD_Distribution>
  </gmd:distributionInfo>
</gmd:MD_Metadata>